# Epoch [d], NII_percentage, NII_percentage_sig
1.300000000000000000e+02,2.767328231166621855e+00,3.533367865273089881e-01
