# Epoch [d], NII_percentage, NII_percentage_sig
1.800000000000000000e+02,1.031006913198077690e+01,2.443373240518784961e-01
