# Epoch [d], NII_percentage, NII_percentage_sig
3.070000000000000000e+02,9.268999378045265303e+00,1.260583179972577295e+00
