# Epoch [d], NII_percentage, NII_percentage_sig
3.230000000000000000e+02,2.029773381298939583e+00,1.258465103032014198e+00
4.140000000000000000e+02,4.304538828806626638e-01,2.927353709394622250e+00
