# Epoch [d], NII_percentage, NII_percentage_sig
2.300000000000000000e+02,2.275853293249519904e+00,1.117325310475428546e-01
2.490000000000000000e+02,1.596775466793501685e+00,9.406420090757400265e-01
