# Epoch [d], NII_percentage, NII_percentage_sig
1.600000000000000000e+02,2.512486077612122948e+00,7.217635138370001036e-01
