# Epoch [d], NII_percentage, NII_percentage_sig
1.850000000000000000e+02,5.505862086723701587e+00,1.737246014791082038e-01
2.120000000000000000e+02,4.694657567992397418e+00,1.121540770229596945e-01
