# Epoch [d], NII_percentage, NII_percentage_sig
1.540000000000000000e+02,5.120722549410984925e+00,6.015923465312459362e-01
