# Epoch [d], NII_percentage, NII_percentage_sig
1.390000000000000000e+02,5.950656323869011111e+00,2.624411638826856796e-01
2.150000000000000000e+02,5.597087445536253369e+00,1.583129283999751280e+00
