# Epoch [d], NII_percentage, NII_percentage_sig
3.000000000000000000e+02,3.692344727577782759e+00,3.181032264720356495e-01
