# Epoch [d], NII_percentage, NII_percentage_sig
2.490000000000000000e+02,2.123253997467770215e+00,1.989096608503514219e+00
