# Epoch [d], NII_percentage, NII_percentage_sig
3.590000000000000000e+02,1.738816881545299342e+00,4.443881496377067863e-01
