# Epoch [d], NII_percentage, NII_percentage_sig
2.810000000000000000e+02,2.838797194541605062e+00,4.788779253750936604e-01
3.400000000000000000e+02,2.490082291027624350e+00,1.134653038165989614e+00
