# Epoch [d], NII_percentage, NII_percentage_sig
1.470000000000000000e+02,1.657732842463299328e+00,5.927735492311464460e-01
