# Epoch [d], NII_percentage, NII_percentage_sig
3.290000000000000000e+02,1.408868862719095105e+01,1.520889724374026919e+00
