# Epoch [d], NII_percentage, NII_percentage_sig
3.220000000000000000e+02,4.088357600783740220e-01,4.854321073717838275e-01
3.530000000000000000e+02,1.071684111227927255e-01,1.525231995160717946e-01
