# Epoch [d], NII_percentage, NII_percentage_sig
2.280000000000000000e+02,3.903846953819097632e+00,1.915695038190357469e+00
2.700000000000000000e+02,3.668847595171592424e+00,8.270407009143375676e-01
