# Epoch [d], NII_percentage, NII_percentage_sig
1.510000000000000000e+02,4.745002165165488783e+00,2.412179850010143511e-01
1.850000000000000000e+02,4.987828561625766710e+00,1.971389305487751542e-01
