# Epoch [d], NII_percentage, NII_percentage_sig
3.660000000000000000e+02,1.214198001213194766e+00,2.363299584759618099e+00
