# Epoch [d], NII_percentage, NII_percentage_sig
2.630000000000000000e+02,2.265132548304853888e+00,1.441405128771393596e+00
3.770000000000000000e+02,2.039415078580565144e+00,7.822693147378285694e-01
