# Epoch [d], NII_percentage, NII_percentage_sig
1.600000000000000000e+02,4.589098846046540281e+00,1.539025774640013777e-01
1.880000000000000000e+02,3.655120897102642097e+00,1.047721758263006203e-01
