# Epoch [d], NII_percentage, NII_percentage_sig
2.500000000000000000e+02,4.982643603293443135e+00,3.305719568936595909e+00
3.460000000000000000e+02,9.914120354441246619e+00,1.508553187139881624e+00
