# Epoch [d], NII_percentage, NII_percentage_sig
3.250000000000000000e+02,1.084577585269372513e+01,2.129383008970126667e+00
