# Epoch [d], NII_percentage, NII_percentage_sig
1.570000000000000000e+02,8.070743521256924069e+00,3.947611703358052671e-01
2.170000000000000000e+02,9.882401926481367838e+00,1.854478117165849982e+00
