# Epoch [d], NII_percentage, NII_percentage_sig
1.240000000000000000e+02,2.560677697183542989e+00,1.524082692325572364e-01
1.560000000000000000e+02,8.159811907280425380e-01,1.219758605833522885e-01
