# Epoch [d], NII_percentage, NII_percentage_sig
1.500000000000000000e+02,4.853548656341724055e+00,1.611762613576155356e+00
2.000000000000000000e+02,2.608442738197995325e+00,1.765451662717391512e+00
2.500000000000000000e+02,2.657382653811258599e+00,1.843773638569114581e+00
3.000000000000000000e+02,2.683142470918362665e+00,1.901871385906789724e+00
3.500000000000000000e+02,2.474982735627764274e+00,1.816016750775930388e+00
4.000000000000000000e+02,2.298721554174873116e+00,1.651497553677341745e+00
