# Epoch [d], NII_percentage, NII_percentage_sig
1.500000000000000000e+02,6.558636377640850057e+00,6.866885392052600734e-01
2.000000000000000000e+02,7.703821720875706269e+00,5.757562537247821188e-01
2.500000000000000000e+02,9.868143990241151187e+00,6.963171692694364312e-01
3.000000000000000000e+02,1.280755269875681357e+01,6.101286583085283599e-01
3.500000000000000000e+02,1.454633229840302810e+01,5.824293800331590276e-01
4.000000000000000000e+02,1.607830292423017937e+01,6.925731471675797835e-01
