# Epoch [d], NII_percentage, NII_percentage_sig
1.500000000000000000e+02,5.429313210116849753e+00,8.716810394210223745e-01
2.000000000000000000e+02,5.192530225269846866e+00,7.145804398642007227e-01
2.500000000000000000e+02,6.610433593615254289e+00,7.475560457833876349e-01
3.000000000000000000e+02,8.853257727258061038e+00,7.925486945035787878e-01
3.500000000000000000e+02,1.026087759144070866e+01,7.202859845820389628e-01
4.000000000000000000e+02,1.198837251593013598e+01,6.632937330074391014e-01
