# Epoch [d], NII_percentage, NII_percentage_sig
1.500000000000000000e+02,4.385995035174627077e+00,9.986413943844782981e-01
2.000000000000000000e+02,3.504606885206817068e+00,9.188425113892888518e-01
2.500000000000000000e+02,3.580846247467245114e+00,1.032333640672565389e+00
3.000000000000000000e+02,4.454178408888282092e+00,8.323447861527256686e-01
3.500000000000000000e+02,4.772226173877617050e+00,7.082576527135067135e-01
4.000000000000000000e+02,5.497628464123045511e+00,5.763375654682223459e-01
